no,filename,jenis_dokumen,wilayah,halaman,mesin_nomor_surat,mesin_instansi,mesin_perihal,mesin_tanggal_surat,mesin_nama_pejabat,mesin_jabatan_pejabat,mesin_nip_pejabat,mesin_verification_url,nilai_nomor_surat,nilai_instansi,nilai_perihal,nilai_tanggal_surat,nilai_nama_pejabat,nilai_jabatan_pejabat,nilai_nip_pejabat,nilai_verification_url,catatan,berkas_pdf
1,kabkota-2026-08-31-kota_makassar-dabaa261.pdf,surat_dinas,kota_makassar,11,500.10.30/241/BRIDA/VII/2026,PEMERINTAH KOTA MAKASSAR BADAN RISET DAN INOVASI DAERAH,Persetujuan Kerjasama Replikasi Inovasi Daerah Kepada Yth.,2026-07-08,,Kepala Badan Perencanaan Pembangunan Daearah,197002161998031004,https://srikandi.arsip.go.id/result-scan/sxFGgQqke-XvYgnvaPBmLg,,,,,,,,,,C:\Documents\RPL\data\raw\evidence\kabkota-2026-08-31-kota_makassar-dabaa261.pdf
2,kabkota-2026-08-28-kota_makassar-392a7f06.pdf,keputusan,kota_makassar,5,421.1/4Io9/INOVASI/DP/VI1/2025,PEMERINTAH KOTA MAKASSAR DINAS PENDIDIKAN,PENETAPANINOVASIDANTIMINOVASI GENTING(AGEN ANTIBULLYING),,,,197708311995112001,,,,,,,,,,,C:\Documents\RPL\data\raw\evidence\kabkota-2026-08-28-kota_makassar-392a7f06.pdf
3,kabkota-2026-08-28-kota_makassar-103081cb.pdf,peraturan,kota_makassar,20,,WALi KOTA MAKASSAR PERA TU RAN W ALI KOTA MAKASSAR,RENCANA KERJA PEMERINTAH DAERAH TAHUN 2026 DENGAN RAHMAT TUHAN YANG MAHA ESA,,,kepala daerah dan DPRD dalam penyelenggaraan Urusan,,,,,,,,,,,,C:\Documents\RPL\data\raw\evidence\kabkota-2026-08-28-kota_makassar-103081cb.pdf
4,kabkota-2026-08-28-kota_makassar-3836d9f3.pdf,peraturan,kota_makassar,10,,,pembentukan Daerah Tingkat II di Sulawesi (Lembaran Negara Republik Indonesia Tahun 1959,,,kepala daerah dan DPRD dalam pen yelenggaraan Urusan,,,,,,,,,,,,C:\Documents\RPL\data\raw\evidence\kabkota-2026-08-28-kota_makassar-3836d9f3.pdf
5,kabkota-2026-08-28-kota_makassar-98ec227b.pdf,peraturan,kota_makassar,8,,a. bahwa Rencana Kerja Pemerintah Daerah Kota dalam Peraturan Wali Kota Makassar Nomor 25 Tahun,"Rencana Kerja Pemerintah Daerah Tahun 2024 , namun dalam perkembangannya",,,Kepala Badan Peren canaan Pembanguna n Daerah,,,,,,,,,,,,C:\Documents\RPL\data\raw\evidence\kabkota-2026-08-28-kota_makassar-98ec227b.pdf
6,kabkota-2026-08-28-kota_makassar-f72169a9.pdf,peraturan,kota_makassar,14,,WALIKOTA MAKASSAR PERATURAN DAERAH KOTA MAKASSAR,INOVASI DAERAH DENGANRAHMATTUHANYANGMAHAESA,,,Kepala Badan Riset dan Inovasi Daerah adalah Kepala,,,,,,,,,,,,C:\Documents\RPL\data\raw\evidence\kabkota-2026-08-28-kota_makassar-f72169a9.pdf
7,kabkota-2026-08-28-kota_makassar-c17624b9.pdf,laporan,kota_makassar,6,,,,2025-07-22,,,,,,,,,,,,,,C:\Documents\RPL\data\raw\evidence\kabkota-2026-08-28-kota_makassar-c17624b9.pdf
8,kabkota-2026-08-28-kota_makassar-46ef815f.pdf,sertifikat,kota_makassar,1,421.2/148/SK/UPT.SPF.SDI.TT.2/TL/XI/2025,,"bullying kepada semua siswa melalui mading, pojok baca, dan media digital",2026-07-06,,Kepala Sekolah untuk pelaksanaan program Genting,,,,,,,,,,,,C:\Documents\RPL\data\raw\evidence\kabkota-2026-08-28-kota_makassar-46ef815f.pdf
9,kabkota-2026-08-31-kota_makassar-ac411c1a.pdf,anggaran,kota_makassar,13,,KERTAS KERJA RENCANA KEGIATAN DAN ANGGARAN SEKOLAH (RKAS) PER TAHAP Nama Sekolah,"aman 1 dari 13Kertas Kerja perTahap - NPSN : 40314013, Nama Sekolah : UPT SPF SD INPRES TALLO TUA 2 No.",,,Kepala Sekolah 800.000 200.000 600.00006.04.,,,,,,,,,,,,C:\Documents\RPL\data\raw\evidence\kabkota-2026-08-31-kota_makassar-ac411c1a.pdf
10,kabkota-2026-08-31-kota_makassar-1764e596.pdf,manual_book,kota_makassar,22,,UPT SPF SD INPRES TALLO TUA 2,"ang oleh satu persoalan yang masih menghantui banyak sekolah, yakni bullying atau perundungan.",2026-06-29,"Ernawati, S.Pd., M.Pd",Kepala Dinas,198610142010012029,,,,,,,,,,,C:\Documents\RPL\data\raw\evidence\kabkota-2026-08-31-kota_makassar-1764e596.pdf
11,kabkota-2026-08-28-kota_makassar-934158fb.pdf,bukti_media,kota_makassar,2,,PEMERINTAH KOTA MAKASSAR UPT SPF SD INPRES TALLO TUA 2,,2026-07-13,"Ernawati, S.Pd.., M.Pd.",Kepala UPT SPF SD Inpres Tallo Tua 2,198610142010012029,,,,,,,,,,,C:\Documents\RPL\data\raw\evidence\kabkota-2026-08-28-kota_makassar-934158fb.pdf
12,kabkota-2026-08-28-kota_makassar-aecb1c05.pdf,bukti_media,kota_makassar,1,,PEMERINTAH KOTA MAKASSAR UPT SPF SD INPRES TALLO TUA 2,,2026-08-20,"Ernawati, S.Pd., M.Pd",Kepala UPT SPF SD Inpres Tallo Tua 2,198610142010012029,,,,,,,,,,,C:\Documents\RPL\data\raw\evidence\kabkota-2026-08-28-kota_makassar-aecb1c05.pdf
13,kabkota-2026-08-28-kota_makassar-e3a4756a.pdf,bukti_media,kota_makassar,1,,PEMERINTAH KOTA MAKASSAR UPT SPF SD INPRES TALLO TUA 2,,2026-07-24,"Ernawati, S.Pd.., M.Pd.",Kepala UPT SPF SD Inpres Tallo Tua 2,198610142010012029,,,,,,,,,,,C:\Documents\RPL\data\raw\evidence\kabkota-2026-08-28-kota_makassar-e3a4756a.pdf
14,kabkota-2026-08-28-kota_makassar-89881820.pdf,tidak_diketahui,kota_makassar,3,,PEMERINTAH KOTA MAKASSAR UPT SPF SD INPRES TALLO TUA 2,Sosialisasi Tim Penggerak Genting,2026-07-13,"Ernawati, S.Pd.., M.Pd.",Kepala UPT SPF SD Inpres Tallo Tua 2,198610142010012029,,,,,,,,,,,C:\Documents\RPL\data\raw\evidence\kabkota-2026-08-28-kota_makassar-89881820.pdf
15,kabkota-2026-08-28-kota_makassar-c08ae061.pdf,tidak_diketahui,kota_makassar,2,421.2/046/UPT.SPF.SDI. TT.2/VII/2025,PEMERINTAH KOTA MAKASSAR UPT SPF SEKOLAH DASAR INPRES TALLO TUA 2,bullying dan mendorong interaksi sosial yang positif. Tim Genting dibentuk dengan memilih murid yang memiliki potensi kepemimpinan dan empati,2025-07-15,"Salvia Salmawati, S.Pd.I., Gr., M.Pd",Kepala Sekolah,198706092010012033,,,,,,,,,,,C:\Documents\RPL\data\raw\evidence\kabkota-2026-08-28-kota_makassar-c08ae061.pdf
16,kabkota-2026-08-31-kota_makassar-af946972.pdf,tidak_diketahui,tidak_diketahui,18,,UPTSPF SDINPRESTALLOTUA2,,,,,,,,,,,,,,,,C:\Documents\RPL\data\raw\evidence\kabkota-2026-08-31-kota_makassar-af946972.pdf
17,kabkota-2026-08-31-kota_makassar-b69ae106.pdf,tidak_diketahui,tidak_diketahui,17,,UPTSPF SDINPRESTALLOTUA2,,,,,,,,,,,,,,,,C:\Documents\RPL\data\raw\evidence\kabkota-2026-08-31-kota_makassar-b69ae106.pdf
18,kabkota-2026-08-31-kota_makassar-ba3721c8.pdf,tidak_diketahui,kota_makassar,9,,UPT SPF SD INPRES TALLO TUA 2,"IPAH 33 8 Genting Fase B Kelas IVA Risma Eka Damayanti, S.Pd ZAM ZAM 39",2026-08-27,"Ernawati, S.Pd.., M.Pd.",Kepala UPT SPF SD Inpres Tallo Tua 2,198610142010012029,,,,,,,,,,,C:\Documents\RPL\data\raw\evidence\kabkota-2026-08-31-kota_makassar-ba3721c8.pdf
